Order ID,customer_Id,category_Id,payment_Id,Quantity,Profit,Order Date,Year-Month
B-26776,1,1,1,5,1275,2023-06-27,2023-06-01
B-26776,2,1,1,5,1275,2024-12-27,2024-12-01
B-26776,3,1,1,5,1275,2021-07-25,2021-07-01
B-26776,1,2,1,14,1330,2023-06-27,2023-06-01
B-26776,2,2,1,14,1330,2024-12-27,2024-12-01
B-26776,3,2,1,14,1330,2021-07-25,2021-07-01
B-26942,4,3,2,12,185,2024-05-11,2024-05-01
B-26942,5,3,2,12,185,2021-10-09,2021-10-01
B-26640,6,4,3,10,117,2022-11-18,2022-11-01
B-26640,6,5,4,16,3551,2022-11-18,2022-11-01
B-25890,7,6,5,19,734,2023-11-12,2023-11-01
B-25102,8,7,6,14,462,2020-03-23,2020-03-01
B-25426,9,8,7,1,2812,2020-05-04,2020-05-01
B-25426,9,9,8,15,1046,2020-05-04,2020-05-01
B-25426,9,10,9,9,78,2020-05-04,2020-05-01
B-25238,10,11,10,10,1098,2023-11-09,2023-11-01
B-25238,10,12,11,18,262,2023-11-09,2023-11-01
B-25051,11,13,12,6,133,2024-12-30,2024-12-01
B-25051,11,14,12,2,2685,2024-12-30,2024-12-01
B-26510,12,15,13,1,265,2025-02-11,2025-02-01
B-26510,13,15,13,1,265,2024-01-23,2024-01-01
B-25104,14,16,14,19,2971,2020-11-28,2020-11-01
B-25104,14,17,15,20,894,2020-11-28,2020-11-01
B-25553,15,18,16,11,414,2024-05-30,2024-05-01
B-25553,15,19,17,18,1644,2024-05-30,2024-05-01
B-25553,15,20,18,17,72,2024-05-30,2024-05-01
B-26703,16,21,19,17,1821,2022-01-23,2022-01-01
B-26232,17,22,20,20,1180,2021-12-17,2021-12-01
B-26232,18,22,20,20,1180,2023-02-03,2023-02-01
B-25394,19,23,21,20,760,2022-10-30,2022-10-01
B-25394,20,23,21,20,760,2022-01-15,2022-01-01
B-26157,21,24,22,4,1606,2023-12-14,2023-12-01
B-26157,21,25,22,11,554,2023-12-14,2023-12-01
B-25555,22,26,23,12,1848,2023-07-03,2023-07-01
B-25555,23,26,23,12,1848,2021-05-08,2021-05-01
B-25555,22,27,23,11,866,2023-07-03,2023-07-01
B-25555,23,27,23,11,866,2021-05-08,2021-05-01
B-26139,24,28,24,15,630,2022-10-07,2022-10-01
B-26139,24,29,25,1,963,2022-10-07,2022-10-01
B-25032,25,30,26,12,2937,2024-08-06,2024-08-01
B-25032,25,31,27,3,1696,2024-08-06,2024-08-01
B-25032,25,32,27,12,2413,2024-08-06,2024-08-01
B-25730,26,33,28,8,2632,2022-01-05,2022-01-01
B-25730,27,33,28,8,2632,2020-10-17,2020-10-01
B-25730,28,33,28,8,2632,2023-08-21,2023-08-01
B-25730,26,34,29,17,205,2022-01-05,2022-01-01
B-25730,27,34,29,17,205,2020-10-17,2020-10-01
B-25730,28,34,29,17,205,2023-08-21,2023-08-01
B-26470,29,35,30,6,573,2024-12-27,2024-12-01
B-26470,30,35,30,6,573,2021-06-18,2021-06-01
B-26470,31,35,30,6,573,2023-05-27,2023-05-01
B-26470,32,35,30,6,573,2021-10-12,2021-10-01
B-26470,29,36,31,5,1014,2024-12-27,2024-12-01
B-26470,30,36,31,5,1014,2021-06-18,2021-06-01
B-26470,31,36,31,5,1014,2023-05-27,2023-05-01
B-26470,32,36,31,5,1014,2021-10-12,2021-10-01
B-25988,33,37,32,18,648,2022-09-19,2022-09-01
B-25568,34,38,33,12,1538,2022-03-25,2022-03-01
B-26730,35,39,34,10,451,2022-02-26,2022-02-01
B-26730,36,39,34,10,451,2021-04-05,2021-04-01
B-26730,35,40,35,3,3192,2022-02-26,2022-02-01
B-26730,36,40,35,3,3192,2021-04-05,2021-04-01
B-26730,35,41,36,19,1712,2022-02-26,2022-02-01
B-26730,36,41,36,19,1712,2021-04-05,2021-04-01
B-25372,37,42,37,20,172,2020-11-16,2020-11-01
B-25372,37,43,38,14,2059,2020-11-16,2020-11-01
B-25372,37,44,39,3,151,2020-11-16,2020-11-01
B-26026,38,45,40,2,93,2024-12-12,2024-12-01
B-26026,39,45,40,2,93,2023-04-06,2023-04-01
B-26026,38,48,40,10,361,2024-12-12,2024-12-01
B-26026,39,48,40,10,361,2023-04-06,2023-04-01
B-26026,38,46,41,3,1034,2024-12-12,2024-12-01
B-26026,39,46,41,3,1034,2023-04-06,2023-04-01
B-26026,38,47,42,3,248,2024-12-12,2024-12-01
B-26026,39,47,42,3,248,2023-04-06,2023-04-01
B-25295,40,49,43,1,528,2024-01-28,2024-01-01
B-25295,40,50,44,16,167,2024-01-28,2024-01-01
B-26121,41,51,45,1,55,2022-01-16,2022-01-01
B-26121,42,51,45,1,55,2022-12-16,2022-12-01
B-25560,43,52,46,12,3508,2023-07-13,2023-07-01
B-25560,43,53,47,16,1178,2023-07-13,2023-07-01
B-25560,43,55,47,3,484,2023-07-13,2023-07-01
B-25560,43,54,48,6,1175,2023-07-13,2023-07-01
B-26076,44,56,49,11,1239,2025-03-10,2025-03-01
B-26076,45,56,49,11,1239,2024-09-24,2024-09-01
B-26076,44,57,50,19,3104,2025-03-10,2025-03-01
B-26076,45,57,50,19,3104,2024-09-24,2024-09-01
B-25872,46,58,51,4,1192,2020-04-13,2020-04-01
B-25872,46,59,52,16,705,2020-04-13,2020-04-01
B-26185,47,60,53,5,727,2022-06-27,2022-06-01
B-26185,48,60,53,5,727,2021-03-14,2021-03-01
B-26185,49,60,53,5,727,2022-02-23,2022-02-01
B-26259,50,61,54,10,622,2022-03-29,2022-03-01
B-26259,51,61,54,10,622,2022-11-20,2022-11-01
B-25142,52,62,55,15,253,2021-11-12,2021-11-01
B-25142,52,63,56,5,465,2021-11-12,2021-11-01
B-25326,53,64,57,16,277,2021-08-17,2021-08-01
B-25326,54,64,57,16,277,2022-05-16,2022-05-01
B-26795,55,65,58,16,1958,2023-07-16,2023-07-01
B-26795,55,66,58,11,1801,2023-07-16,2023-07-01
B-26795,55,67,59,18,1673,2023-07-16,2023-07-01
B-25660,56,68,60,4,2873,2020-08-18,2020-08-01
B-25660,57,68,60,4,2873,2022-04-19,2022-04-01
B-25410,58,69,61,7,294,2022-12-23,2022-12-01
B-25690,59,70,62,20,95,2024-12-07,2024-12-01
B-26464,60,71,63,13,714,2022-02-03,2022-02-01
B-26464,61,71,63,13,714,2021-12-12,2021-12-01
B-26464,60,72,64,8,1010,2022-02-03,2022-02-01
B-26464,61,72,64,8,1010,2021-12-12,2021-12-01
B-26464,60,73,65,5,2899,2022-02-03,2022-02-01
B-26464,61,73,65,5,2899,2021-12-12,2021-12-01
B-26454,62,74,66,17,586,2020-05-17,2020-05-01
B-26742,63,75,67,19,526,2022-12-05,2022-12-01
B-26742,64,75,67,19,526,2024-09-17,2024-09-01
B-26742,63,76,67,8,825,2022-12-05,2022-12-01
B-26742,64,76,67,8,825,2024-09-17,2024-09-01
B-25510,65,77,68,12,92,2023-05-08,2023-05-01
B-25510,66,77,68,12,92,2021-03-03,2021-03-01
B-25510,67,77,68,12,92,2021-03-18,2021-03-01
B-25510,68,77,68,12,92,2023-04-24,2023-04-01
B-25936,69,78,69,20,3696,2021-10-09,2021-10-01
B-25936,70,78,69,20,3696,2022-04-15,2022-04-01
B-25936,71,78,69,20,3696,2022-08-29,2022-08-01
B-25936,69,79,70,7,3420,2021-10-09,2021-10-01
B-25936,70,79,70,7,3420,2022-04-15,2022-04-01
B-25936,71,79,70,7,3420,2022-08-29,2022-08-01
B-25884,72,80,71,20,3158,2024-09-04,2024-09-01
B-25884,73,80,71,20,3158,2021-05-18,2021-05-01
B-25884,72,81,72,14,1227,2024-09-04,2024-09-01
B-25884,73,81,72,14,1227,2021-05-18,2021-05-01
B-26287,74,82,73,2,670,2024-07-02,2024-07-01
B-26287,74,85,73,2,236,2024-07-02,2024-07-01
B-26287,74,83,74,5,147,2024-07-02,2024-07-01
B-26287,74,84,75,2,2341,2024-07-02,2024-07-01
B-26564,75,86,76,7,600,2024-02-16,2024-02-01
B-26564,75,87,77,19,1942,2024-02-16,2024-02-01
B-26293,76,88,78,8,4518,2021-11-26,2021-11-01
B-26293,76,89,79,5,934,2021-11-26,2021-11-01
B-26293,76,90,80,4,149,2021-11-26,2021-11-01
B-25915,77,91,81,10,1169,2024-02-01,2024-02-01
B-25915,78,91,81,10,1169,2021-09-09,2021-09-01
B-25915,79,91,81,10,1169,2021-09-08,2021-09-01
B-25915,77,92,82,1,1490,2024-02-01,2024-02-01
B-25915,78,92,82,1,1490,2021-09-09,2021-09-01
B-25915,79,92,82,1,1490,2021-09-08,2021-09-01
B-26496,80,93,83,20,641,2024-07-09,2024-07-01
B-26496,80,94,84,10,817,2024-07-09,2024-07-01
B-26496,80,95,84,12,520,2024-07-09,2024-07-01
B-26496,80,96,84,15,1411,2024-07-09,2024-07-01
B-25856,81,97,85,1,350,2023-02-28,2023-02-01
B-25856,81,98,85,12,2433,2023-02-28,2023-02-01
B-25856,81,99,85,1,647,2023-02-28,2023-02-01
B-26899,82,100,86,18,4401,2022-08-08,2022-08-01
B-25916,83,101,87,7,2107,2022-12-07,2022-12-01
B-25916,84,101,87,7,2107,2024-04-29,2024-04-01
B-25916,83,104,87,18,586,2022-12-07,2022-12-01
B-25916,84,104,87,18,586,2024-04-29,2024-04-01
B-25916,83,102,88,3,230,2022-12-07,2022-12-01
B-25916,84,102,88,3,230,2024-04-29,2024-04-01
B-25916,83,103,88,7,525,2022-12-07,2022-12-01
B-25916,84,103,88,7,525,2024-04-29,2024-04-01
B-26428,85,105,89,11,197,2022-01-02,2022-01-01
B-26332,86,106,90,16,2571,2022-06-10,2022-06-01
B-26332,87,106,90,16,2571,2021-11-16,2021-11-01
B-26332,88,106,90,16,2571,2022-08-17,2022-08-01
B-26332,86,107,91,13,3056,2022-06-10,2022-06-01
B-26332,87,107,91,13,3056,2021-11-16,2021-11-01
B-26332,88,107,91,13,3056,2022-08-17,2022-08-01
B-26332,86,108,92,14,1221,2022-06-10,2022-06-01
B-26332,87,108,92,14,1221,2021-11-16,2021-11-01
B-26332,88,108,92,14,1221,2022-08-17,2022-08-01
B-25303,89,109,93,11,241,2021-11-23,2021-11-01
B-25303,90,109,93,11,241,2023-03-04,2023-03-01
B-26507,91,110,94,20,1598,2023-12-16,2023-12-01
B-25983,92,111,95,10,1581,2024-05-19,2024-05-01
B-25983,93,111,95,10,1581,2020-05-14,2020-05-01
B-25983,92,112,96,11,349,2024-05-19,2024-05-01
B-25983,93,112,96,11,349,2020-05-14,2020-05-01
B-25156,94,113,97,16,793,2021-08-29,2021-08-01
B-26759,95,114,98,8,2624,2024-11-10,2024-11-01
B-26759,95,115,98,20,281,2024-11-10,2024-11-01
B-26244,96,116,99,8,2271,2021-12-05,2021-12-01
B-26244,96,117,99,1,1610,2021-12-05,2021-12-01
B-26365,97,118,100,14,391,2024-07-05,2024-07-01
B-26365,97,119,101,13,322,2024-07-05,2024-07-01
B-26212,98,120,102,13,279,2024-06-25,2024-06-01
B-26212,98,121,102,6,1266,2024-06-25,2024-06-01
B-25042,99,122,103,1,105,2024-05-31,2024-05-01
B-25042,99,123,103,7,3010,2024-05-31,2024-05-01
B-25901,100,124,104,16,4812,2020-10-20,2020-10-01
B-25901,101,124,104,16,4812,2022-08-11,2022-08-01
B-25901,102,124,104,16,4812,2021-10-17,2021-10-01
B-25901,100,125,104,7,1185,2020-10-20,2020-10-01
B-25901,101,125,104,7,1185,2022-08-11,2022-08-01
B-25901,102,125,104,7,1185,2021-10-17,2021-10-01
B-26747,103,126,105,4,851,2022-02-23,2022-02-01
B-26747,103,127,106,13,76,2022-02-23,2022-02-01
B-26698,104,128,107,13,457,2023-09-20,2023-09-01
B-25841,105,129,108,8,374,2021-01-19,2021-01-01
B-25841,105,130,109,1,1852,2021-01-19,2021-01-01
B-26032,106,131,110,1,1176,2020-08-21,2020-08-01
B-26032,107,131,110,1,1176,2023-04-17,2023-04-01
B-26032,108,131,110,1,1176,2023-12-24,2023-12-01
B-26032,106,132,111,5,1125,2020-08-21,2020-08-01
B-26032,107,132,111,5,1125,2023-04-17,2023-04-01
B-26032,108,132,111,5,1125,2023-12-24,2023-12-01
B-26032,106,134,111,5,1239,2020-08-21,2020-08-01
B-26032,107,134,111,5,1239,2023-04-17,2023-04-01
B-26032,108,134,111,5,1239,2023-12-24,2023-12-01
B-26032,106,133,112,14,253,2020-08-21,2020-08-01
B-26032,107,133,112,14,253,2023-04-17,2023-04-01
B-26032,108,133,112,14,253,2023-12-24,2023-12-01
B-25171,109,135,113,20,1029,2022-03-20,2022-03-01
B-26939,110,136,114,12,775,2021-08-12,2021-08-01
B-26939,110,137,115,15,2213,2021-08-12,2021-08-01
B-26347,111,138,116,7,3826,2020-12-21,2020-12-01
B-26347,112,138,116,7,3826,2023-07-07,2023-07-01
B-25388,113,139,117,13,2211,2023-08-13,2023-08-01
B-25388,114,139,117,13,2211,2021-02-04,2021-02-01
B-25388,115,139,117,13,2211,2022-09-16,2022-09-01
B-25388,116,139,117,13,2211,2022-05-06,2022-05-01
B-26419,117,140,118,1,163,2021-05-28,2021-05-01
B-25157,118,141,119,18,2842,2024-07-18,2024-07-01
B-25342,119,142,120,9,301,2024-12-06,2024-12-01
B-25342,119,143,121,6,771,2024-12-06,2024-12-01
B-25342,119,144,121,2,831,2024-12-06,2024-12-01
B-26932,203,144,219,18,148,2022-07-15,2022-07-01
B-26932,203,254,219,12,286,2022-07-15,2022-07-01
B-26165,120,145,122,10,2797,2022-12-12,2022-12-01
B-26571,121,146,123,3,1037,2022-10-20,2022-10-01
B-26571,121,147,123,9,1806,2022-10-20,2022-10-01
B-25400,122,148,124,17,3741,2021-03-24,2021-03-01
B-25400,123,148,124,17,3741,2025-01-06,2025-01-01
B-25400,122,149,125,16,3457,2021-03-24,2021-03-01
B-25400,123,149,125,16,3457,2025-01-06,2025-01-01
B-25885,124,150,126,12,4339,2021-03-06,2021-03-01
B-25885,124,151,127,18,2356,2021-03-06,2021-03-01
B-25885,124,152,127,10,334,2021-03-06,2021-03-01
B-25004,125,153,128,16,3033,2020-06-17,2020-06-01
B-25004,126,153,128,16,3033,2023-09-01,2023-09-01
B-26213,127,154,129,3,234,2023-06-08,2023-06-01
B-26213,127,155,130,7,424,2023-06-08,2023-06-01
B-25025,128,156,131,20,3079,2021-03-25,2021-03-01
B-25025,128,157,132,6,2807,2021-03-25,2021-03-01
B-26804,129,158,133,8,400,2021-01-03,2021-01-01
B-26804,129,159,134,3,666,2021-01-03,2021-01-01
B-26797,130,160,135,6,1149,2024-12-27,2024-12-01
B-26556,131,161,136,4,615,2022-08-12,2022-08-01
B-25861,132,162,137,19,2669,2022-03-28,2022-03-01
B-25861,133,162,137,19,2669,2023-07-15,2023-07-01
B-25861,134,162,137,19,2669,2022-09-22,2022-09-01
B-25861,132,163,137,14,3930,2022-03-28,2022-03-01
B-25861,133,163,137,14,3930,2023-07-15,2023-07-01
B-25861,134,163,137,14,3930,2022-09-22,2022-09-01
B-25112,135,164,138,10,958,2022-12-20,2022-12-01
B-25112,136,164,138,10,958,2022-01-16,2022-01-01
B-25112,137,164,138,10,958,2023-01-29,2023-01-01
B-25223,138,165,139,1,479,2022-01-15,2022-01-01
B-25223,138,166,139,7,906,2022-01-15,2022-01-01
B-25714,139,167,140,12,3429,2024-03-24,2024-03-01
B-25714,140,167,140,12,3429,2025-02-19,2025-02-01
B-26607,141,168,141,20,301,2024-07-13,2024-07-01
B-25038,142,169,142,2,342,2023-04-28,2023-04-01
B-25038,143,169,142,2,342,2020-12-05,2020-12-01
B-25038,144,169,142,2,342,2024-05-14,2024-05-01
B-25038,145,169,142,2,342,2022-01-18,2022-01-01
B-26672,146,170,143,17,242,2023-09-18,2023-09-01
B-26672,146,171,144,13,155,2023-09-18,2023-09-01
B-25747,147,172,145,1,1470,2021-05-12,2021-05-01
B-25747,148,172,145,1,1470,2023-09-17,2023-09-01
B-25747,147,173,146,12,718,2021-05-12,2021-05-01
B-25747,148,173,146,12,718,2023-09-17,2023-09-01
B-25747,147,174,147,10,855,2021-05-12,2021-05-01
B-25747,148,174,147,10,855,2023-09-17,2023-09-01
B-26322,149,175,148,2,1563,2024-09-06,2024-09-01
B-26613,150,176,149,11,322,2022-06-18,2022-06-01
B-26613,150,177,150,18,2702,2022-06-18,2022-06-01
B-25413,151,178,151,18,699,2020-05-22,2020-05-01
B-26466,152,179,152,2,1087,2024-10-17,2024-10-01
B-26466,152,180,152,7,1765,2024-10-17,2024-10-01
B-26610,153,181,153,8,1152,2022-03-22,2022-03-01
B-26209,154,182,154,17,858,2024-03-17,2024-03-01
B-26209,154,183,155,15,2529,2024-03-17,2024-03-01
B-26622,155,184,156,9,1437,2020-04-02,2020-04-01
B-26622,155,185,157,7,589,2020-04-02,2020-04-01
B-26601,156,186,158,19,4045,2024-03-13,2024-03-01
B-26601,156,187,159,17,482,2024-03-13,2024-03-01
B-25894,157,188,160,19,257,2023-03-21,2023-03-01
B-25894,157,190,160,15,3128,2023-03-21,2023-03-01
B-25894,157,189,161,13,3003,2023-03-21,2023-03-01
B-26969,158,191,162,5,568,2024-03-02,2024-03-01
B-26969,159,191,162,5,568,2021-04-30,2021-04-01
B-26969,158,192,163,9,2020,2024-03-02,2024-03-01
B-26969,159,192,163,9,2020,2021-04-30,2021-04-01
B-26312,160,193,164,16,619,2021-09-15,2021-09-01
B-26312,161,193,164,16,619,2023-01-28,2023-01-01
B-26312,160,194,165,15,986,2021-09-15,2021-09-01
B-26312,161,194,165,15,986,2023-01-28,2023-01-01
B-26837,162,195,166,14,373,2021-07-08,2021-07-01
B-26837,163,195,166,14,373,2020-04-08,2020-04-01
B-26837,162,196,167,7,114,2021-07-08,2021-07-01
B-26837,163,196,167,7,114,2020-04-08,2020-04-01
B-26166,164,197,168,13,145,2022-08-23,2022-08-01
B-26166,164,198,169,20,1916,2022-08-23,2022-08-01
B-25695,165,199,170,17,575,2022-12-17,2022-12-01
B-25695,166,199,170,17,575,2022-06-08,2022-06-01
B-25695,165,200,171,16,515,2022-12-17,2022-12-01
B-25695,166,200,171,16,515,2022-06-08,2022-06-01
B-26068,167,201,172,5,254,2020-08-28,2020-08-01
B-26023,168,202,173,19,159,2020-09-26,2020-09-01
B-26677,169,203,174,2,2444,2020-12-13,2020-12-01
B-26677,170,203,174,2,2444,2020-11-19,2020-11-01
B-25701,171,204,175,5,463,2023-09-13,2023-09-01
B-25701,171,206,175,19,2159,2023-09-13,2023-09-01
B-25701,171,205,176,20,803,2023-09-13,2023-09-01
B-26523,172,207,177,6,2382,2020-03-31,2020-03-01
B-26523,173,207,177,6,2382,2020-10-20,2020-10-01
B-26523,172,208,178,6,904,2020-03-31,2020-03-01
B-26523,173,208,178,6,904,2020-10-20,2020-10-01
B-25880,174,209,179,9,391,2023-08-04,2023-08-01
B-26898,175,210,180,19,265,2022-04-11,2022-04-01
B-26898,175,211,180,12,2029,2022-04-11,2022-04-01
B-26898,175,212,181,3,551,2022-04-11,2022-04-01
B-26035,176,213,182,3,340,2021-12-31,2021-12-01
B-26035,176,214,183,15,253,2021-12-31,2021-12-01
B-25573,177,215,184,1,196,2020-08-16,2020-08-01
B-25463,178,216,185,9,571,2025-02-02,2025-02-01
B-26277,179,217,186,7,727,2022-02-24,2022-02-01
B-26277,179,218,187,9,406,2022-02-24,2022-02-01
B-26508,180,219,188,16,3289,2024-02-25,2024-02-01
B-26508,181,219,188,16,3289,2021-06-15,2021-06-01
B-26508,180,220,189,20,3698,2024-02-25,2024-02-01
B-26508,181,220,189,20,3698,2021-06-15,2021-06-01
B-26723,182,221,190,18,1423,2022-12-08,2022-12-01
B-26723,183,221,190,18,1423,2023-12-09,2023-12-01
B-25526,184,222,191,14,559,2022-07-16,2022-07-01
B-25645,185,223,192,4,937,2024-05-05,2024-05-01
B-25757,186,224,193,4,821,2021-10-04,2021-10-01
B-26716,187,225,194,16,490,2021-11-20,2021-11-01
B-25986,736,225,686,8,457,2021-06-11,2021-06-01
B-26716,187,226,195,1,179,2021-11-20,2021-11-01
B-26716,187,227,195,7,58,2021-11-20,2021-11-01
B-25424,188,228,196,17,258,2020-09-15,2020-09-01
B-25424,188,229,197,17,318,2020-09-15,2020-09-01
B-25424,188,230,198,11,961,2020-09-15,2020-09-01
B-26453,189,231,199,20,214,2023-01-17,2023-01-01
B-26453,190,231,199,20,214,2020-06-16,2020-06-01
B-26425,191,232,200,3,2529,2024-05-01,2024-05-01
B-25843,192,233,201,15,2308,2023-12-07,2023-12-01
B-25843,192,234,202,14,1824,2023-12-07,2023-12-01
B-25486,193,235,203,14,432,2024-02-02,2024-02-01
B-26975,194,236,204,19,218,2024-06-23,2024-06-01
B-26975,194,237,205,18,495,2024-06-23,2024-06-01
B-26975,194,238,206,20,3898,2024-06-23,2024-06-01
B-26890,195,239,207,4,1576,2024-06-07,2024-06-01
B-26125,196,240,208,4,1134,2023-10-13,2023-10-01
B-26125,196,241,209,2,246,2023-10-13,2023-10-01
B-26489,197,242,210,14,894,2022-10-08,2022-10-01
B-26489,198,242,210,14,894,2023-10-27,2023-10-01
B-26489,199,242,210,14,894,2021-02-09,2021-02-01
B-26489,197,243,211,3,1478,2022-10-08,2022-10-01
B-26489,198,243,211,3,1478,2023-10-27,2023-10-01
B-26489,199,243,211,3,1478,2021-02-09,2021-02-01
B-26489,197,244,211,17,3121,2022-10-08,2022-10-01
B-26489,198,244,211,17,3121,2023-10-27,2023-10-01
B-26489,199,244,211,17,3121,2021-02-09,2021-02-01
B-26489,197,245,212,12,102,2022-10-08,2022-10-01
B-26489,198,245,212,12,102,2023-10-27,2023-10-01
B-26489,199,245,212,12,102,2021-02-09,2021-02-01
B-26043,200,246,213,20,1989,2020-11-03,2020-11-01
B-26557,201,247,214,19,1888,2022-05-30,2022-05-01
B-26557,201,249,214,13,809,2022-05-30,2022-05-01
B-26557,201,248,215,11,3275,2022-05-30,2022-05-01
B-25243,202,250,216,6,2508,2024-06-16,2024-06-01
B-25243,202,251,217,15,2784,2024-06-16,2024-06-01
B-25243,202,253,217,15,2344,2024-06-16,2024-06-01
B-25243,202,252,218,14,154,2024-06-16,2024-06-01
B-25241,204,255,220,17,633,2021-07-18,2021-07-01
B-25241,205,255,220,17,633,2021-10-02,2021-10-01
B-25044,206,256,221,9,1221,2024-04-16,2024-04-01
B-25044,206,257,221,1,963,2024-04-16,2024-04-01
B-26137,207,258,222,4,804,2020-07-09,2020-07-01
B-26137,208,258,222,4,804,2020-07-25,2020-07-01
B-26137,209,258,222,4,804,2024-01-24,2024-01-01
B-26137,210,258,222,4,804,2020-05-04,2020-05-01
B-26137,211,258,222,4,804,2021-11-13,2021-11-01
B-25545,212,259,223,9,115,2023-10-07,2023-10-01
B-26800,213,260,224,11,2419,2021-10-23,2021-10-01
B-26800,213,261,225,6,71,2021-10-23,2021-10-01
B-26987,214,262,226,19,3720,2022-07-18,2022-07-01
B-26144,215,263,227,15,1537,2024-08-23,2024-08-01
B-26144,215,264,228,6,1438,2024-08-23,2024-08-01
B-26144,215,265,229,10,1457,2024-08-23,2024-08-01
B-25406,216,266,230,20,431,2020-10-28,2020-10-01
B-25658,217,267,231,12,204,2024-06-15,2024-06-01
B-25658,218,267,231,12,204,2024-12-19,2024-12-01
B-25733,219,268,232,10,1693,2020-09-04,2020-09-01
B-26993,220,269,233,16,1151,2022-04-16,2022-04-01
B-26964,221,270,234,15,898,2024-08-29,2024-08-01
B-26964,222,270,234,15,898,2022-01-14,2022-01-01
B-26955,223,271,235,3,3602,2024-04-07,2024-04-01
B-26059,224,272,236,8,121,2022-04-24,2022-04-01
B-26059,224,273,236,17,1881,2022-04-24,2022-04-01
B-26806,225,274,237,3,1386,2020-08-27,2020-08-01
B-26299,226,275,238,14,330,2023-03-01,2023-03-01
B-26299,226,276,239,12,1133,2023-03-01,2023-03-01
B-26299,226,277,240,9,887,2023-03-01,2023-03-01
B-26743,227,278,241,12,1157,2020-10-02,2020-10-01
B-26743,228,278,241,12,1157,2020-06-23,2020-06-01
B-26743,229,278,241,12,1157,2023-08-21,2023-08-01
B-26757,230,279,242,17,2498,2022-07-16,2022-07-01
B-26772,231,280,243,20,2598,2022-08-01,2022-08-01
B-26088,232,281,244,20,3218,2020-07-16,2020-07-01
B-26319,233,282,245,16,1706,2020-05-02,2020-05-01
B-26319,233,283,246,20,2763,2020-05-02,2020-05-01
B-26319,233,284,247,6,64,2020-05-02,2020-05-01
B-26872,739,284,688,6,177,2024-01-13,2024-01-01
B-25364,234,285,248,13,2631,2024-01-10,2024-01-01
B-25364,235,285,248,13,2631,2020-09-30,2020-09-01
B-25655,236,286,249,18,52,2022-03-28,2022-03-01
B-26864,237,287,250,5,324,2021-01-30,2021-01-01
B-26019,238,288,251,9,3062,2025-03-14,2025-03-01
B-25849,239,289,252,2,1411,2021-10-26,2021-10-01
B-25849,240,289,252,2,1411,2023-01-11,2023-01-01
B-25849,239,290,253,6,1152,2021-10-26,2021-10-01
B-25849,240,290,253,6,1152,2023-01-11,2023-01-01
B-25829,241,291,254,2,2606,2021-10-31,2021-10-01
B-26065,242,292,255,13,1981,2023-05-04,2023-05-01
B-26065,243,292,255,13,1981,2024-08-09,2024-08-01
B-25267,244,293,256,1,829,2022-08-21,2022-08-01
B-25267,244,294,256,4,2235,2022-08-21,2022-08-01
B-25972,245,295,257,20,186,2022-06-19,2022-06-01
B-25972,245,296,257,20,189,2022-06-19,2022-06-01
B-25511,246,297,258,10,3483,2025-01-29,2025-01-01
B-25511,246,298,259,7,2584,2025-01-29,2025-01-01
B-25744,247,299,260,12,3427,2022-01-14,2022-01-01
B-25744,247,300,261,9,109,2022-01-14,2022-01-01
B-25744,247,301,262,14,1626,2022-01-14,2022-01-01
B-26805,248,302,263,19,1753,2023-06-15,2023-06-01
B-25620,249,303,264,13,258,2023-10-18,2023-10-01
B-25620,250,303,264,13,258,2022-06-13,2022-06-01
B-25620,249,304,265,17,3055,2023-10-18,2023-10-01
B-25620,250,304,265,17,3055,2022-06-13,2022-06-01
B-25620,249,305,266,15,2021,2023-10-18,2023-10-01
B-25620,250,305,266,15,2021,2022-06-13,2022-06-01
B-25325,251,306,267,18,1559,2024-06-12,2024-06-01
B-25325,251,307,267,12,1045,2024-06-12,2024-06-01
B-25325,251,308,267,4,714,2024-06-12,2024-06-01
B-25325,251,309,268,14,2469,2024-06-12,2024-06-01
B-25131,252,310,269,1,4111,2022-06-27,2022-06-01
B-25131,252,311,270,20,1065,2022-06-27,2022-06-01
B-26654,253,312,271,13,1142,2021-02-18,2021-02-01
B-26654,253,313,272,6,3146,2021-02-18,2021-02-01
B-26654,253,314,273,17,133,2021-02-18,2021-02-01
B-26195,254,315,274,15,235,2023-05-29,2023-05-01
B-26195,255,315,274,15,235,2021-06-04,2021-06-01
B-25842,256,316,275,13,584,2024-01-22,2024-01-01
B-25842,257,316,275,13,584,2022-12-27,2022-12-01
B-25842,256,317,275,14,154,2024-01-22,2024-01-01
B-25842,257,317,275,14,154,2022-12-27,2022-12-01
B-25842,256,318,276,15,109,2024-01-22,2024-01-01
B-25842,257,318,276,15,109,2022-12-27,2022-12-01
B-25851,258,319,277,16,85,2024-03-30,2024-03-01
B-25427,259,320,278,2,2008,2020-04-04,2020-04-01
B-25427,259,321,279,19,60,2020-04-04,2020-04-01
B-25427,259,322,280,7,4446,2020-04-04,2020-04-01
B-26224,260,323,281,11,175,2023-01-22,2023-01-01
B-26224,261,323,281,11,175,2022-04-12,2022-04-01
B-26224,262,323,281,11,175,2023-12-13,2023-12-01
B-26224,260,324,282,15,1776,2023-01-22,2023-01-01
B-26224,261,324,282,15,1776,2022-04-12,2022-04-01
B-26224,262,324,282,15,1776,2023-12-13,2023-12-01
B-26896,263,325,283,18,1591,2023-05-24,2023-05-01
B-26896,264,325,283,18,1591,2020-11-29,2020-11-01
B-26469,265,326,284,17,3699,2021-03-24,2021-03-01
B-26469,265,327,285,3,51,2021-03-24,2021-03-01
B-26219,266,328,286,20,2555,2020-08-19,2020-08-01
B-26219,267,328,286,20,2555,2022-10-20,2022-10-01
B-26119,268,329,287,12,142,2023-09-20,2023-09-01
B-26119,269,329,287,12,142,2024-12-26,2024-12-01
B-26119,268,330,288,11,2628,2023-09-20,2023-09-01
B-26119,269,330,288,11,2628,2024-12-26,2024-12-01
B-26988,270,331,289,18,437,2021-12-03,2021-12-01
B-26988,270,332,290,20,681,2021-12-03,2021-12-01
B-25596,271,333,291,20,1041,2021-09-14,2021-09-01
B-26845,272,334,292,13,184,2021-09-30,2021-09-01
B-25099,273,335,293,18,224,2021-12-22,2021-12-01
B-25099,273,336,294,7,1450,2021-12-22,2021-12-01
B-25099,273,337,295,12,2834,2021-12-22,2021-12-01
B-26153,274,338,296,7,975,2022-05-18,2022-05-01
B-25060,275,339,297,3,250,2020-10-08,2020-10-01
B-25060,275,340,298,10,340,2020-10-08,2020-10-01
B-26572,276,341,299,14,2333,2022-08-20,2022-08-01
B-26572,277,341,299,14,2333,2024-11-25,2024-11-01
B-26572,276,342,299,11,738,2022-08-20,2022-08-01
B-26572,277,342,299,11,738,2024-11-25,2024-11-01
B-25919,278,343,300,4,970,2020-09-30,2020-09-01
B-25919,279,343,300,4,970,2025-02-20,2025-02-01
B-25919,280,343,300,4,970,2022-03-20,2022-03-01
B-25919,278,344,301,1,1026,2020-09-30,2020-09-01
B-25919,279,344,301,1,1026,2025-02-20,2025-02-01
B-25919,280,344,301,1,1026,2022-03-20,2022-03-01
B-26978,281,345,302,18,167,2025-03-07,2025-03-01
B-26978,281,346,303,9,3750,2025-03-07,2025-03-01
B-26978,281,347,304,6,72,2025-03-07,2025-03-01
B-26554,282,348,305,5,3463,2024-06-16,2024-06-01
B-26554,283,348,305,5,3463,2020-11-21,2020-11-01
B-26554,284,348,305,5,3463,2024-10-01,2024-10-01
B-26554,285,348,305,5,3463,2024-07-01,2024-07-01
B-26554,282,349,306,20,1605,2024-06-16,2024-06-01
B-26554,283,349,306,20,1605,2020-11-21,2020-11-01
B-26554,284,349,306,20,1605,2024-10-01,2024-10-01
B-26554,285,349,306,20,1605,2024-07-01,2024-07-01
B-26883,286,350,307,13,2459,2020-11-23,2020-11-01
B-25423,287,351,308,11,2656,2023-03-18,2023-03-01
B-25423,288,351,308,11,2656,2022-10-19,2022-10-01
B-26324,289,352,309,15,1335,2023-08-31,2023-08-01
B-26324,290,352,309,15,1335,2021-06-06,2021-06-01
B-26945,291,353,310,15,320,2022-12-21,2022-12-01
B-26945,291,354,311,12,371,2022-12-21,2022-12-01
B-26405,292,355,312,18,319,2024-02-12,2024-02-01
B-26046,293,356,313,20,983,2022-12-05,2022-12-01
B-26046,293,357,314,19,1544,2022-12-05,2022-12-01
B-25746,294,358,315,15,1346,2021-04-04,2021-04-01
B-25232,295,359,316,13,1403,2021-02-12,2021-02-01
B-25232,296,359,316,13,1403,2022-12-27,2022-12-01
B-25232,297,359,316,13,1403,2024-01-19,2024-01-01
B-25232,295,360,317,14,388,2021-02-12,2021-02-01
B-25232,296,360,317,14,388,2022-12-27,2022-12-01
B-25232,297,360,317,14,388,2024-01-19,2024-01-01
B-25591,298,361,318,10,1043,2022-12-25,2022-12-01
B-25591,298,363,318,13,683,2022-12-25,2022-12-01
B-25591,298,362,319,7,4132,2022-12-25,2022-12-01
B-26325,299,364,320,2,2389,2022-10-06,2022-10-01
B-25251,300,365,321,6,104,2020-04-27,2020-04-01
B-25251,301,365,321,6,104,2024-05-13,2024-05-01
B-25251,300,366,322,1,116,2020-04-27,2020-04-01
B-25251,301,366,322,1,116,2024-05-13,2024-05-01
B-25464,302,367,323,4,1414,2020-10-23,2020-10-01
B-25464,302,368,324,18,440,2020-10-23,2020-10-01
B-25464,302,369,325,16,138,2020-10-23,2020-10-01
B-26678,303,370,326,1,1226,2021-06-11,2021-06-01
B-26678,304,370,326,1,1226,2021-09-08,2021-09-01
B-25962,305,371,327,3,1171,2022-11-23,2022-11-01
B-25962,306,371,327,3,1171,2022-10-31,2022-10-01
B-25962,307,371,327,3,1171,2023-11-06,2023-11-01
B-25962,308,371,327,3,1171,2023-11-12,2023-11-01
B-26586,309,372,328,1,828,2023-06-26,2023-06-01
B-26586,310,372,328,1,828,2023-09-30,2023-09-01
B-26146,400,372,408,18,1094,2024-07-28,2024-07-01
B-26146,400,458,408,1,1153,2024-07-28,2024-07-01
B-26586,309,373,329,4,1002,2023-06-26,2023-06-01
B-26586,310,373,329,4,1002,2023-09-30,2023-09-01
B-26841,311,374,330,13,4208,2020-09-12,2020-09-01
B-26841,311,375,331,15,240,2020-09-12,2020-09-01
B-26284,312,376,332,14,2045,2020-11-27,2020-11-01
B-26284,313,376,332,14,2045,2022-08-25,2022-08-01
B-26284,314,376,332,14,2045,2023-08-23,2023-08-01
B-26284,315,376,332,14,2045,2023-10-11,2023-10-01
B-26478,316,377,333,1,190,2022-04-21,2022-04-01
B-26679,317,378,334,5,1800,2023-09-14,2023-09-01
B-26679,318,378,334,5,1800,2020-04-29,2020-04-01
B-26679,319,378,334,5,1800,2020-12-15,2020-12-01
B-26679,317,379,335,10,1274,2023-09-14,2023-09-01
B-26679,318,379,335,10,1274,2020-04-29,2020-04-01
B-26679,319,379,335,10,1274,2020-12-15,2020-12-01
B-26397,320,380,336,18,2321,2024-07-11,2024-07-01
B-26397,321,380,336,18,2321,2024-09-21,2024-09-01
B-25957,322,381,337,13,413,2025-02-02,2025-02-01
B-26916,323,382,338,7,362,2022-10-21,2022-10-01
B-26916,324,382,338,7,362,2020-10-21,2020-10-01
B-26916,323,383,338,20,302,2022-10-21,2022-10-01
B-26916,324,383,338,20,302,2020-10-21,2020-10-01
B-26916,323,384,338,12,677,2022-10-21,2022-10-01
B-26916,324,384,338,12,677,2020-10-21,2020-10-01
B-25925,325,385,339,1,384,2022-01-11,2022-01-01
B-25925,326,385,339,1,384,2021-02-17,2021-02-01
B-25925,325,386,340,13,1111,2022-01-11,2022-01-01
B-25925,326,386,340,13,1111,2021-02-17,2021-02-01
B-25602,327,387,341,9,1764,2021-11-06,2021-11-01
B-25602,328,387,341,9,1764,2022-08-30,2022-08-01
B-26592,329,388,342,1,1270,2022-10-07,2022-10-01
B-26592,329,389,343,15,153,2022-10-07,2022-10-01
B-26251,330,390,344,7,127,2023-06-04,2023-06-01
B-26251,330,391,345,8,1155,2023-06-04,2023-06-01
B-26251,330,392,345,16,2226,2023-06-04,2023-06-01
B-25979,331,393,346,2,325,2022-05-13,2022-05-01
B-25437,332,394,347,3,1841,2023-01-23,2023-01-01
B-25437,333,394,347,3,1841,2021-07-25,2021-07-01
B-26986,334,395,348,4,482,2025-03-08,2025-03-01
B-25990,335,396,349,17,3257,2022-12-25,2022-12-01
B-25990,335,397,349,6,277,2022-12-25,2022-12-01
B-25990,335,398,350,2,1530,2022-12-25,2022-12-01
B-25222,336,399,351,2,218,2024-04-24,2024-04-01
B-25222,337,399,351,2,218,2021-12-24,2021-12-01
B-25222,338,399,351,2,218,2023-09-07,2023-09-01
B-26402,339,400,352,6,1453,2021-08-10,2021-08-01
B-26792,340,401,353,3,1477,2024-05-26,2024-05-01
B-26792,341,401,353,3,1477,2022-02-19,2022-02-01
B-25154,342,402,354,5,813,2024-12-09,2024-12-01
B-26114,343,403,355,2,1377,2023-06-01,2023-06-01
B-26485,344,404,356,12,3253,2023-11-05,2023-11-01
B-26191,345,405,357,15,1481,2020-06-21,2020-06-01
B-26754,346,406,358,16,176,2020-10-26,2020-10-01
B-25953,347,407,359,19,1001,2022-06-06,2022-06-01
B-25953,348,407,359,19,1001,2021-11-13,2021-11-01
B-25953,347,408,360,10,1920,2022-06-06,2022-06-01
B-25953,348,408,360,10,1920,2021-11-13,2021-11-01
B-26516,349,409,361,15,3565,2021-11-11,2021-11-01
B-26516,349,410,362,10,3038,2021-11-11,2021-11-01
B-26843,350,411,363,19,1941,2021-07-31,2021-07-01
B-26843,350,412,364,17,2572,2021-07-31,2021-07-01
B-26167,351,413,365,1,655,2024-04-13,2024-04-01
B-26972,352,414,366,20,318,2022-04-19,2022-04-01
B-25673,353,415,367,17,2405,2024-03-23,2024-03-01
B-26587,354,416,368,17,448,2021-05-07,2021-05-01
B-26587,354,417,369,5,562,2021-05-07,2021-05-01
B-26668,355,418,370,15,106,2022-05-06,2022-05-01
B-26906,356,419,371,4,802,2021-08-09,2021-08-01
B-26906,357,419,371,4,802,2025-02-09,2025-02-01
B-25226,358,420,372,2,2117,2024-04-23,2024-04-01
B-25166,359,421,373,17,73,2023-02-23,2023-02-01
B-25166,360,421,373,17,73,2024-06-06,2024-06-01
B-25166,359,422,374,19,1168,2023-02-23,2023-02-01
B-25166,360,422,374,19,1168,2024-06-06,2024-06-01
B-25454,361,423,375,17,2733,2025-01-27,2025-01-01
B-26215,362,424,376,18,1450,2023-04-07,2023-04-01
B-25777,363,425,377,7,2839,2022-01-20,2022-01-01
B-25777,364,425,377,7,2839,2022-05-10,2022-05-01
B-25383,365,426,378,8,2456,2024-05-29,2024-05-01
B-25383,366,426,378,8,2456,2022-01-04,2022-01-01
B-26409,367,427,379,1,1353,2024-05-02,2024-05-01
B-26409,368,427,379,1,1353,2021-12-28,2021-12-01
B-26684,369,428,380,5,2851,2022-12-12,2022-12-01
B-26726,370,429,381,19,508,2023-08-17,2023-08-01
B-26726,371,429,381,19,508,2021-11-29,2021-11-01
B-26726,370,430,382,9,586,2023-08-17,2023-08-01
B-26726,371,430,382,9,586,2021-11-29,2021-11-01
B-26136,372,431,383,18,2220,2021-06-13,2021-06-01
B-26098,373,432,384,19,865,2022-07-04,2022-07-01
B-26098,373,433,384,7,875,2022-07-04,2022-07-01
B-25430,374,434,385,11,2385,2021-06-27,2021-06-01
B-25430,374,435,386,18,417,2021-06-27,2021-06-01
B-25266,375,436,387,11,905,2023-12-04,2023-12-01
B-25266,375,437,388,5,2196,2023-12-04,2023-12-01
B-25283,376,438,389,5,2204,2022-08-09,2022-08-01
B-25227,377,439,390,1,1285,2020-04-08,2020-04-01
B-25227,377,440,390,12,2231,2020-04-08,2020-04-01
B-25669,378,441,391,6,2264,2023-10-20,2023-10-01
B-25064,379,442,392,9,3040,2022-02-10,2022-02-01
B-25064,380,442,392,9,3040,2023-10-05,2023-10-01
B-25064,379,443,393,17,1491,2022-02-10,2022-02-01
B-25064,380,443,393,17,1491,2023-10-05,2023-10-01
B-26268,381,444,394,13,584,2022-09-22,2022-09-01
B-26268,382,444,394,13,584,2021-04-03,2021-04-01
B-25456,383,445,395,20,2358,2021-05-03,2021-05-01
B-25456,384,445,395,20,2358,2024-02-11,2024-02-01
B-25456,385,445,395,20,2358,2025-02-04,2025-02-01
B-25495,386,446,396,14,402,2022-10-12,2022-10-01
B-25495,386,447,397,13,674,2022-10-12,2022-10-01
B-26552,387,448,398,10,936,2022-02-06,2022-02-01
B-26552,388,448,398,10,936,2020-11-09,2020-11-01
B-26552,389,448,398,10,936,2023-05-03,2023-05-01
B-25203,390,449,399,6,505,2022-10-04,2022-10-01
B-25462,391,450,400,6,482,2024-08-21,2024-08-01
B-26145,392,451,401,12,867,2021-11-20,2021-11-01
B-26145,393,451,401,12,867,2020-05-13,2020-05-01
B-25552,394,452,402,7,766,2023-02-28,2023-02-01
B-25552,394,453,403,19,3944,2023-02-28,2023-02-01
B-26069,395,454,404,11,271,2021-01-21,2021-01-01
B-26069,396,454,404,11,271,2022-02-28,2022-02-01
B-26069,395,455,405,2,699,2021-01-21,2021-01-01
B-26069,396,455,405,2,699,2022-02-28,2022-02-01
B-25120,397,456,406,6,1836,2024-04-25,2024-04-01
B-25120,398,456,406,6,1836,2023-03-10,2023-03-01
B-25120,399,456,406,6,1836,2023-07-10,2023-07-01
B-25120,397,457,407,15,2596,2024-04-25,2024-04-01
B-25120,398,457,407,15,2596,2023-03-10,2023-03-01
B-25120,399,457,407,15,2596,2023-07-10,2023-07-01
B-25549,401,459,409,8,1084,2023-07-30,2023-07-01
B-25549,401,460,409,4,788,2023-07-30,2023-07-01
B-25549,401,461,410,7,958,2023-07-30,2023-07-01
B-25488,402,462,411,5,345,2024-10-05,2024-10-01
B-25488,402,463,412,8,1638,2024-10-05,2024-10-01
B-26885,403,464,413,4,730,2024-02-20,2024-02-01
B-26885,403,465,413,4,418,2024-02-20,2024-02-01
B-25703,404,466,414,4,1801,2023-04-19,2023-04-01
B-25703,405,466,414,4,1801,2023-10-29,2023-10-01
B-25809,406,467,415,18,379,2022-03-08,2022-03-01
B-25809,407,467,415,18,379,2022-12-08,2022-12-01
B-25809,406,468,415,14,4602,2022-03-08,2022-03-01
B-25809,407,468,415,14,4602,2022-12-08,2022-12-01
B-25809,406,469,416,14,50,2022-03-08,2022-03-01
B-25809,407,469,416,14,50,2022-12-08,2022-12-01
B-25809,406,470,417,8,2135,2022-03-08,2022-03-01
B-25809,407,470,417,8,2135,2022-12-08,2022-12-01
B-25477,408,471,418,7,1665,2024-07-27,2024-07-01
B-25477,409,471,418,7,1665,2022-07-05,2022-07-01
B-26018,410,472,419,18,957,2024-07-04,2024-07-01
B-25329,411,473,420,18,1192,2024-02-28,2024-02-01
B-25329,412,473,420,18,1192,2025-01-03,2025-01-01
B-25182,413,474,421,11,686,2021-12-07,2021-12-01
B-25492,414,475,422,14,552,2021-12-14,2021-12-01
B-25492,415,475,422,14,552,2020-11-30,2020-11-01
B-25492,414,476,423,19,1003,2021-12-14,2021-12-01
B-25492,415,476,423,19,1003,2020-11-30,2020-11-01
B-25517,416,477,424,19,911,2021-12-29,2021-12-01
B-25517,416,478,424,14,1408,2021-12-29,2021-12-01
B-25200,417,479,425,6,2471,2024-07-08,2024-07-01
B-26009,418,480,426,10,1728,2021-02-10,2021-02-01
B-26580,419,481,427,13,201,2020-10-21,2020-10-01
B-26580,420,481,427,13,201,2023-04-17,2023-04-01
B-25679,421,482,428,18,231,2020-10-21,2020-10-01
B-26034,422,483,429,18,2071,2023-12-28,2023-12-01
B-26034,422,484,430,8,4090,2023-12-28,2023-12-01
B-25148,423,485,431,18,3968,2022-12-23,2022-12-01
B-25148,424,485,431,18,3968,2022-08-10,2022-08-01
B-25148,423,486,432,14,251,2022-12-23,2022-12-01
B-25148,424,486,432,14,251,2022-08-10,2022-08-01
B-25830,425,487,433,10,1415,2023-10-17,2023-10-01
B-25830,426,487,433,10,1415,2022-02-28,2022-02-01
B-25762,427,488,434,13,482,2024-05-24,2024-05-01
B-26794,428,489,435,12,638,2020-10-02,2020-10-01
B-26794,428,490,435,12,1289,2020-10-02,2020-10-01
B-25011,429,491,436,15,961,2024-02-10,2024-02-01
B-25011,430,491,436,15,961,2021-02-06,2021-02-01
B-25515,431,492,437,9,1940,2022-03-16,2022-03-01
B-25369,432,493,438,9,602,2020-05-24,2020-05-01
B-25369,433,493,438,9,602,2025-02-16,2025-02-01
B-25369,434,493,438,9,602,2021-11-16,2021-11-01
B-25369,435,493,438,9,602,2024-09-08,2024-09-01
B-25369,432,494,439,19,1849,2020-05-24,2020-05-01
B-25369,433,494,439,19,1849,2025-02-16,2025-02-01
B-25369,434,494,439,19,1849,2021-11-16,2021-11-01
B-25369,435,494,439,19,1849,2024-09-08,2024-09-01
B-26222,436,495,440,14,3099,2022-06-29,2022-06-01
B-26222,436,496,440,14,696,2022-06-29,2022-06-01
B-26222,436,497,441,17,3132,2022-06-29,2022-06-01
B-25316,437,498,442,12,673,2022-11-03,2022-11-01
B-25507,438,499,443,18,444,2023-11-28,2023-11-01
B-25846,439,500,444,3,1724,2020-04-25,2020-04-01
B-25763,440,501,445,4,319,2022-01-18,2022-01-01
B-25763,440,502,445,14,3882,2022-01-18,2022-01-01
B-25763,440,504,445,4,2049,2022-01-18,2022-01-01
B-25763,440,503,446,7,279,2022-01-18,2022-01-01
B-25465,441,505,447,16,158,2022-03-23,2022-03-01
B-25465,442,505,447,16,158,2020-06-24,2020-06-01
B-25465,443,505,447,16,158,2022-12-23,2022-12-01
B-25465,444,505,447,16,158,2024-11-24,2024-11-01
B-25465,445,505,447,16,158,2020-11-06,2020-11-01
B-25465,446,505,447,16,158,2023-10-24,2023-10-01
B-25465,441,506,448,17,177,2022-03-23,2022-03-01
B-25465,442,506,448,17,177,2020-06-24,2020-06-01
B-25465,443,506,448,17,177,2022-12-23,2022-12-01
B-25465,444,506,448,17,177,2024-11-24,2024-11-01
B-25465,445,506,448,17,177,2020-11-06,2020-11-01
B-25465,446,506,448,17,177,2023-10-24,2023-10-01
B-26352,447,507,449,3,1085,2023-07-18,2023-07-01
B-26352,448,507,449,3,1085,2022-05-16,2022-05-01
B-26352,447,508,450,19,576,2023-07-18,2023-07-01
B-26352,448,508,450,19,576,2022-05-16,2022-05-01
B-26528,449,509,451,19,64,2024-06-16,2024-06-01
B-26528,450,509,451,19,64,2021-10-23,2021-10-01
B-26670,451,510,452,5,1680,2022-10-22,2022-10-01
B-25331,452,511,453,8,95,2023-07-17,2023-07-01
B-25832,453,512,454,2,2976,2025-02-24,2025-02-01
B-25832,453,513,455,3,1663,2025-02-24,2025-02-01
B-25897,454,514,456,8,2642,2021-03-07,2021-03-01
B-25713,455,515,457,8,509,2021-01-03,2021-01-01
B-25065,456,516,458,9,1439,2023-05-03,2023-05-01
B-25949,457,517,459,5,1896,2023-10-25,2023-10-01
B-26033,458,518,460,18,2378,2022-08-21,2022-08-01
B-26017,459,519,461,17,2510,2022-04-16,2022-04-01
B-26926,460,520,462,16,1660,2023-04-02,2023-04-01
B-26258,461,521,463,20,555,2024-10-21,2024-10-01
B-26258,461,522,464,14,1018,2024-10-21,2024-10-01
B-26240,462,523,465,15,936,2021-07-09,2021-07-01
B-26240,463,523,465,15,936,2022-04-08,2022-04-01
B-26922,464,524,466,10,151,2022-04-30,2022-04-01
B-26894,465,525,467,16,3178,2023-01-20,2023-01-01
B-25330,466,526,468,16,917,2024-11-17,2024-11-01
B-26288,467,527,469,6,2607,2022-04-23,2022-04-01
B-26288,468,527,469,6,2607,2025-02-18,2025-02-01
B-25228,469,528,470,19,2121,2021-05-27,2021-05-01
B-25228,470,528,470,19,2121,2022-01-17,2022-01-01
B-26457,471,529,471,7,1928,2025-01-15,2025-01-01
B-25790,472,530,472,8,1008,2021-02-14,2021-02-01
B-25868,473,531,473,5,249,2024-08-31,2024-08-01
B-25868,474,531,473,5,249,2022-12-26,2022-12-01
B-25381,475,532,474,13,945,2024-03-21,2024-03-01
B-25381,476,532,474,13,945,2020-12-15,2020-12-01
B-25153,477,533,475,4,1704,2023-03-21,2023-03-01
B-26576,478,534,476,19,1430,2023-06-08,2023-06-01
B-26526,479,535,477,4,265,2022-07-17,2022-07-01
B-26526,480,535,477,4,265,2024-12-05,2024-12-01
B-26526,479,536,477,10,543,2022-07-17,2022-07-01
B-26526,480,536,477,10,543,2024-12-05,2024-12-01
B-25819,481,537,478,11,605,2023-11-02,2023-11-01
B-25819,482,537,478,11,605,2024-10-05,2024-10-01
B-25698,483,538,479,9,1100,2022-11-13,2022-11-01
B-25698,484,538,479,9,1100,2022-12-28,2022-12-01
B-26820,485,539,480,12,1666,2025-02-26,2025-02-01
B-25396,486,540,481,16,885,2022-11-12,2022-11-01
B-25396,486,541,481,4,2394,2022-11-12,2022-11-01
B-25529,487,542,482,15,258,2021-06-07,2021-06-01
B-26501,488,543,483,7,3962,2020-09-26,2020-09-01
B-26910,489,544,484,9,3295,2024-04-29,2024-04-01
B-26910,489,545,485,8,3666,2024-04-29,2024-04-01
B-26910,489,546,486,14,314,2024-04-29,2024-04-01
B-25978,490,547,487,8,2673,2024-04-10,2024-04-01
B-26537,491,548,488,17,207,2023-12-21,2023-12-01
B-25881,492,549,489,8,2322,2024-05-02,2024-05-01
B-25881,493,549,489,8,2322,2024-11-21,2024-11-01
B-25237,494,550,490,1,187,2022-03-17,2022-03-01
B-25237,495,550,490,1,187,2023-05-14,2023-05-01
B-26122,496,551,491,20,921,2024-10-07,2024-10-01
B-26122,497,551,491,20,921,2020-09-08,2020-09-01
B-25709,498,552,492,15,418,2021-08-19,2021-08-01
B-26656,499,553,493,7,562,2022-10-12,2022-10-01
B-26656,500,553,493,7,562,2020-05-23,2020-05-01
B-26656,501,553,493,7,562,2020-04-18,2020-04-01
B-26656,499,554,493,10,661,2022-10-12,2022-10-01
B-26656,500,554,493,10,661,2020-05-23,2020-05-01
B-26656,501,554,493,10,661,2020-04-18,2020-04-01
B-25801,502,555,494,2,2609,2022-06-04,2022-06-01
B-25801,502,556,495,12,3089,2022-06-04,2022-06-01
B-25006,503,557,496,17,1574,2022-11-16,2022-11-01
B-25006,504,557,496,17,1574,2024-07-18,2024-07-01
B-25006,505,557,496,17,1574,2023-07-16,2023-07-01
B-26106,506,558,497,8,3865,2020-08-10,2020-08-01
B-25789,507,559,498,5,379,2024-06-22,2024-06-01
B-26292,508,560,499,4,1159,2020-07-13,2020-07-01
B-25895,509,561,500,11,1381,2024-04-16,2024-04-01
B-25813,510,562,501,9,238,2021-03-13,2021-03-01
B-26863,511,563,502,15,1494,2023-04-01,2023-04-01
B-25759,512,564,503,2,2332,2020-11-10,2020-11-01
B-26357,513,565,504,15,4930,2023-06-08,2023-06-01
B-26819,514,566,505,1,3502,2021-08-17,2021-08-01
B-25502,515,567,506,1,800,2020-05-24,2020-05-01
B-25258,516,568,507,10,164,2021-08-12,2021-08-01
B-26878,517,569,508,3,309,2022-09-03,2022-09-01
B-26878,518,569,508,3,309,2020-10-01,2020-10-01
B-25170,519,570,509,19,2166,2022-05-27,2022-05-01
B-25170,519,571,510,20,318,2022-05-27,2022-05-01
B-26842,520,572,511,19,2770,2024-03-10,2024-03-01
B-26842,521,572,511,19,2770,2023-10-05,2023-10-01
B-26842,520,573,511,19,1594,2024-03-10,2024-03-01
B-26842,521,573,511,19,1594,2023-10-05,2023-10-01
B-26599,522,574,512,15,1751,2022-08-28,2022-08-01
B-26599,523,574,512,15,1751,2020-09-08,2020-09-01
B-25705,524,575,513,11,557,2021-04-27,2021-04-01
B-26366,525,576,514,11,594,2021-08-21,2021-08-01
B-26366,526,576,514,11,594,2021-05-16,2021-05-01
B-26366,525,577,515,6,371,2021-08-21,2021-08-01
B-26366,526,577,515,6,371,2021-05-16,2021-05-01
B-26116,527,578,516,1,734,2022-01-15,2022-01-01
B-26443,528,579,517,12,4299,2023-03-21,2023-03-01
B-26443,529,579,517,12,4299,2023-12-28,2023-12-01
B-25955,530,580,518,4,297,2022-02-15,2022-02-01
B-25955,531,580,518,4,297,2023-11-30,2023-11-01
B-26383,532,581,519,10,308,2023-01-12,2023-01-01
B-26383,533,581,519,10,308,2023-05-19,2023-05-01
B-26383,532,582,520,13,2504,2023-01-12,2023-01-01
B-26383,533,582,520,13,2504,2023-05-19,2023-05-01
B-26999,534,583,521,5,1318,2024-02-19,2024-02-01
B-26712,535,584,522,1,2477,2021-12-01,2021-12-01
B-26712,535,585,523,19,1794,2021-12-01,2021-12-01
B-26066,536,586,524,19,950,2024-12-19,2024-12-01
B-25996,537,587,525,14,232,2023-01-18,2023-01-01
B-25996,538,587,525,14,232,2020-12-23,2020-12-01
B-26924,539,588,526,6,501,2021-02-28,2021-02-01
B-25541,540,589,527,10,1163,2023-05-04,2023-05-01
B-25541,541,589,527,10,1163,2020-04-22,2020-04-01
B-25541,542,589,527,10,1163,2021-08-13,2021-08-01
B-25541,540,590,528,11,267,2023-05-04,2023-05-01
B-25541,541,590,528,11,267,2020-04-22,2020-04-01
B-25541,542,590,528,11,267,2021-08-13,2021-08-01
B-25196,543,591,529,1,1127,2023-07-20,2023-07-01
B-25855,544,592,530,19,1743,2022-08-28,2022-08-01
B-25071,545,593,531,6,2526,2023-03-14,2023-03-01
B-26159,546,594,532,15,2871,2023-11-07,2023-11-01
B-26159,547,594,532,15,2871,2024-04-16,2024-04-01
B-26159,546,595,533,1,2712,2023-11-07,2023-11-01
B-26159,547,595,533,1,2712,2024-04-16,2024-04-01
B-26228,548,596,534,13,3586,2022-09-16,2022-09-01
B-25888,549,597,535,6,3394,2024-10-31,2024-10-01
B-25574,550,598,536,7,2037,2024-11-25,2024-11-01
B-25574,551,598,536,7,2037,2021-10-29,2021-10-01
B-26938,552,599,537,7,471,2023-12-27,2023-12-01
B-26938,553,599,537,7,471,2023-06-25,2023-06-01
B-26379,554,600,538,9,2458,2020-09-01,2020-09-01
B-26623,555,601,539,18,1556,2025-02-01,2025-02-01
B-25566,556,602,540,16,481,2023-07-22,2023-07-01
B-25566,557,602,540,16,481,2022-02-04,2022-02-01
B-26740,558,603,541,6,3297,2023-09-27,2023-09-01
B-26740,559,603,541,6,3297,2025-01-30,2025-01-01
B-26740,558,604,542,20,4068,2023-09-27,2023-09-01
B-26740,559,604,542,20,4068,2025-01-30,2025-01-01
B-26740,558,605,543,8,1475,2023-09-27,2023-09-01
B-26740,559,605,543,8,1475,2025-01-30,2025-01-01
B-25024,560,606,544,2,4197,2025-01-15,2025-01-01
B-25024,561,606,544,2,4197,2021-03-28,2021-03-01
B-26367,562,607,545,19,2782,2021-12-25,2021-12-01
B-26353,563,608,546,18,1345,2023-02-03,2023-02-01
B-26353,564,608,546,18,1345,2023-04-28,2023-04-01
B-26353,565,608,546,18,1345,2024-11-22,2024-11-01
B-26353,563,609,547,14,766,2023-02-03,2023-02-01
B-26353,564,609,547,14,766,2023-04-28,2023-04-01
B-26353,565,609,547,14,766,2024-11-22,2024-11-01
B-25742,566,610,548,3,1691,2024-07-02,2024-07-01
B-25742,566,611,549,11,324,2024-07-02,2024-07-01
B-26965,567,612,550,13,480,2022-01-18,2022-01-01
B-26038,568,613,551,5,267,2024-10-08,2024-10-01
B-26038,568,614,552,15,1254,2024-10-08,2024-10-01
B-25317,569,615,553,5,211,2020-06-21,2020-06-01
B-25970,570,616,554,14,3096,2023-12-14,2023-12-01
B-25590,571,617,555,6,1577,2020-12-16,2020-12-01
B-25580,572,618,556,19,58,2025-03-15,2025-03-01
B-25443,573,619,557,9,1726,2024-08-21,2024-08-01
B-25443,573,620,558,20,1738,2024-08-21,2024-08-01
B-25774,574,621,559,19,3381,2021-05-27,2021-05-01
B-26505,575,622,560,13,2052,2020-09-21,2020-09-01
B-25163,576,623,561,14,1704,2025-01-11,2025-01-01
B-26095,577,624,562,16,1137,2021-10-20,2021-10-01
B-26095,577,625,563,15,74,2021-10-20,2021-10-01
B-25768,578,626,564,10,743,2021-10-19,2021-10-01
B-25328,579,627,565,4,3430,2024-07-07,2024-07-01
B-25328,580,627,565,4,3430,2023-07-25,2023-07-01
B-26573,581,628,566,8,3306,2020-04-16,2020-04-01
B-25138,582,629,567,4,285,2020-07-04,2020-07-01
B-26803,583,630,568,12,1949,2022-05-16,2022-05-01
B-26803,583,631,569,4,965,2022-05-16,2022-05-01
B-25101,584,632,570,13,661,2023-11-25,2023-11-01
B-25827,585,633,571,4,224,2021-08-17,2021-08-01
B-25792,586,634,572,9,781,2023-07-02,2023-07-01
B-25646,587,635,573,4,4477,2020-08-24,2020-08-01
B-25043,588,636,574,8,663,2022-11-07,2022-11-01
B-26598,589,637,575,17,397,2024-03-27,2024-03-01
B-26598,590,637,575,17,397,2024-09-01,2024-09-01
B-26598,591,637,575,17,397,2022-02-22,2022-02-01
B-26598,589,638,576,11,88,2024-03-27,2024-03-01
B-26598,590,638,576,11,88,2024-09-01,2024-09-01
B-26598,591,638,576,11,88,2022-02-22,2022-02-01
B-26643,592,639,577,7,2251,2022-02-11,2022-02-01
B-26643,592,640,578,3,1547,2022-02-11,2022-02-01
B-26643,592,641,578,10,2588,2022-02-11,2022-02-01
B-25992,593,642,579,8,2041,2021-05-27,2021-05-01
B-25992,594,642,579,8,2041,2023-07-05,2023-07-01
B-25992,595,642,579,8,2041,2020-10-27,2020-10-01
B-25992,593,643,580,10,1834,2021-05-27,2021-05-01
B-25992,594,643,580,10,1834,2023-07-05,2023-07-01
B-25992,595,643,580,10,1834,2020-10-27,2020-10-01
B-25532,596,644,581,13,436,2023-01-26,2023-01-01
B-25564,597,645,582,8,342,2021-09-06,2021-09-01
B-25564,598,645,582,8,342,2021-11-12,2021-11-01
B-25564,599,645,582,8,342,2024-07-30,2024-07-01
B-26543,600,646,583,16,1943,2022-03-15,2022-03-01
B-25976,601,647,584,3,615,2024-03-15,2024-03-01
B-25976,602,647,584,3,615,2020-11-10,2020-11-01
B-25976,601,648,585,5,1134,2024-03-15,2024-03-01
B-25976,602,648,585,5,1134,2020-11-10,2020-11-01
B-25929,603,649,586,18,298,2022-07-23,2022-07-01
B-25497,604,650,587,14,220,2024-09-13,2024-09-01
B-25497,604,651,588,5,914,2024-09-13,2024-09-01
B-26735,605,652,589,6,612,2022-01-25,2022-01-01
B-25036,606,653,590,3,1253,2021-04-19,2021-04-01
B-25971,607,654,591,6,2881,2021-07-18,2021-07-01
B-25441,608,655,592,16,3858,2022-06-24,2022-06-01
B-25441,609,655,592,16,3858,2024-06-08,2024-06-01
B-25441,608,656,593,7,292,2022-06-24,2022-06-01
B-25441,609,656,593,7,292,2024-06-08,2024-06-01
B-25441,608,657,594,17,662,2022-06-24,2022-06-01
B-25441,609,657,594,17,662,2024-06-08,2024-06-01
B-25823,610,658,595,9,476,2022-09-29,2022-09-01
B-25363,611,659,596,8,749,2023-05-10,2023-05-01
B-25363,612,659,596,8,749,2020-05-02,2020-05-01
B-26445,613,660,597,15,1451,2021-04-12,2021-04-01
B-26724,614,661,598,1,4361,2023-11-04,2023-11-01
B-25447,615,662,599,13,1553,2020-05-04,2020-05-01
B-26904,616,663,600,19,67,2023-09-10,2023-09-01
B-26904,617,663,600,19,67,2024-01-05,2024-01-01
B-26904,618,663,600,19,67,2024-05-08,2024-05-01
B-26456,619,664,601,11,2618,2024-03-30,2024-03-01
B-25435,620,665,602,3,1051,2020-09-10,2020-09-01
B-25435,620,666,603,8,1874,2020-09-10,2020-09-01
B-26279,621,667,604,5,410,2020-07-12,2020-07-01
B-26279,622,667,604,5,410,2022-12-08,2022-12-01
B-26279,623,667,604,5,410,2024-03-27,2024-03-01
B-26279,624,667,604,5,410,2023-02-17,2023-02-01
B-26279,625,667,604,5,410,2021-07-21,2021-07-01
B-26279,621,668,605,4,534,2020-07-12,2020-07-01
B-26279,622,668,605,4,534,2022-12-08,2022-12-01
B-26279,623,668,605,4,534,2024-03-27,2024-03-01
B-26279,624,668,605,4,534,2023-02-17,2023-02-01
B-26279,625,668,605,4,534,2021-07-21,2021-07-01
B-25770,626,669,606,1,2305,2022-10-30,2022-10-01
B-25715,627,670,607,19,139,2020-12-31,2020-12-01
B-25715,628,670,607,19,139,2022-04-15,2022-04-01
B-25715,629,670,607,19,139,2023-04-05,2023-04-01
B-25715,627,671,608,16,800,2020-12-31,2020-12-01
B-25715,628,671,608,16,800,2022-04-15,2022-04-01
B-25715,629,671,608,16,800,2023-04-05,2023-04-01
B-25715,627,672,608,9,1626,2020-12-31,2020-12-01
B-25715,628,672,608,9,1626,2022-04-15,2022-04-01
B-25715,629,672,608,9,1626,2023-04-05,2023-04-01
B-26961,630,673,609,5,2530,2021-10-29,2021-10-01
B-26961,631,673,609,5,2530,2024-12-29,2024-12-01
B-25902,632,674,610,3,96,2020-08-11,2020-08-01
B-26321,633,675,611,6,848,2024-03-04,2024-03-01
B-25612,634,676,612,1,1536,2023-10-17,2023-10-01
B-25605,635,677,613,6,163,2023-07-28,2023-07-01
B-25810,636,678,614,5,275,2021-11-27,2021-11-01
B-25810,636,679,614,13,192,2021-11-27,2021-11-01
B-25935,637,680,615,15,1554,2020-09-09,2020-09-01
B-26245,638,681,616,5,235,2021-06-02,2021-06-01
B-26245,639,681,616,5,235,2022-08-22,2022-08-01
B-26245,640,681,616,5,235,2024-04-16,2024-04-01
B-25346,641,682,617,8,155,2022-08-23,2022-08-01
B-25346,642,682,617,8,155,2021-03-12,2021-03-01
B-25594,643,683,618,7,212,2024-06-26,2024-06-01
B-25594,644,683,618,7,212,2023-12-08,2023-12-01
B-25471,645,684,619,9,188,2024-11-27,2024-11-01
B-25398,646,685,620,13,767,2022-01-10,2022-01-01
B-25398,647,685,620,13,767,2021-11-01,2021-11-01
B-25999,648,686,621,1,1005,2023-10-28,2023-10-01
B-25999,649,686,621,1,1005,2025-03-01,2025-03-01
B-25999,648,687,622,8,558,2023-10-28,2023-10-01
B-25999,649,687,622,8,558,2025-03-01,2025-03-01
B-25159,650,688,623,16,1354,2024-08-01,2024-08-01
B-25159,651,688,623,16,1354,2023-06-07,2023-06-01
B-25159,652,688,623,16,1354,2024-10-21,2024-10-01
B-25159,653,688,623,16,1354,2021-01-04,2021-01-01
B-25496,654,689,624,2,941,2022-04-19,2022-04-01
B-25496,655,689,624,2,941,2022-08-11,2022-08-01
B-25401,656,690,625,13,2230,2023-08-04,2023-08-01
B-25707,657,691,626,2,469,2020-04-25,2020-04-01
B-25707,657,692,627,6,737,2020-04-25,2020-04-01
B-26225,658,693,628,2,355,2024-12-14,2024-12-01
B-25662,659,694,629,17,1246,2022-07-25,2022-07-01
B-25662,660,694,629,17,1246,2022-05-07,2022-05-01
B-26752,661,695,630,18,893,2022-08-11,2022-08-01
B-26752,662,695,630,18,893,2022-08-12,2022-08-01
B-26752,661,696,631,8,1447,2022-08-11,2022-08-01
B-26752,662,696,631,8,1447,2022-08-12,2022-08-01
B-25640,663,697,632,9,85,2023-08-21,2023-08-01
B-25030,664,698,633,6,1012,2022-09-12,2022-09-01
B-25504,665,699,634,10,2462,2023-08-20,2023-08-01
B-26912,666,700,635,9,1686,2020-12-27,2020-12-01
B-26912,667,700,635,9,1686,2023-09-04,2023-09-01
B-26912,668,700,635,9,1686,2022-01-08,2022-01-01
B-25193,669,701,636,16,4441,2023-06-05,2023-06-01
B-25106,670,702,637,16,3098,2021-04-01,2021-04-01
B-25106,671,702,637,16,3098,2024-05-28,2024-05-01
B-25106,670,703,637,11,356,2021-04-01,2021-04-01
B-25106,671,703,637,11,356,2024-05-28,2024-05-01
B-26835,672,704,638,3,728,2023-03-09,2023-03-01
B-25836,673,705,639,15,914,2022-07-28,2022-07-01
B-25836,674,705,639,15,914,2021-06-17,2021-06-01
B-26661,675,706,640,3,999,2024-02-13,2024-02-01
B-26317,676,707,641,20,149,2021-08-06,2021-08-01
B-26839,677,708,642,8,608,2022-05-01,2022-05-01
B-26839,677,709,643,13,3359,2022-05-01,2022-05-01
B-25735,678,710,644,7,1982,2024-03-11,2024-03-01
B-25387,679,711,645,5,4507,2020-07-06,2020-07-01
B-25192,680,712,646,13,177,2020-12-17,2020-12-01
B-26844,681,713,647,14,897,2022-08-30,2022-08-01
B-26844,682,713,647,14,897,2025-02-27,2025-02-01
B-26844,683,713,647,14,897,2021-06-05,2021-06-01
B-25236,684,714,648,7,867,2022-12-22,2022-12-01
B-25940,685,715,649,6,606,2025-01-25,2025-01-01
B-25940,686,715,649,6,606,2025-02-14,2025-02-01
B-26765,687,716,650,11,92,2023-01-06,2023-01-01
B-26817,688,717,651,6,126,2020-10-11,2020-10-01
B-26522,689,718,652,9,2826,2023-05-24,2023-05-01
B-26522,690,718,652,9,2826,2024-03-12,2024-03-01
B-26522,691,718,652,9,2826,2024-03-17,2024-03-01
B-25681,692,719,653,19,245,2022-05-17,2022-05-01
B-25382,693,720,654,15,2677,2020-12-21,2020-12-01
B-25944,694,721,655,14,2640,2021-08-24,2021-08-01
B-25944,695,721,655,14,2640,2022-10-22,2022-10-01
B-26980,696,722,656,5,3618,2024-02-21,2024-02-01
B-26980,697,722,656,5,3618,2022-10-31,2022-10-01
B-25780,698,723,657,15,322,2022-05-15,2022-05-01
B-25964,699,724,658,20,80,2022-07-22,2022-07-01
B-26767,700,725,659,19,1539,2021-12-13,2021-12-01
B-26767,701,725,659,19,1539,2021-06-03,2021-06-01
B-25501,702,726,660,4,3895,2025-02-24,2025-02-01
B-26029,703,727,661,7,1485,2023-02-02,2023-02-01
B-25292,704,728,662,19,1180,2021-12-31,2021-12-01
B-25873,705,729,663,2,713,2024-06-15,2024-06-01
B-25873,706,729,663,2,713,2022-06-05,2022-06-01
B-25873,707,729,663,2,713,2020-05-11,2020-05-01
B-25444,708,730,664,5,229,2024-02-11,2024-02-01
B-25444,709,730,664,5,229,2020-11-25,2020-11-01
B-26796,710,731,665,19,3063,2023-08-12,2023-08-01
B-25537,711,732,666,3,1686,2022-05-06,2022-05-01
B-26083,712,733,667,16,1390,2024-01-17,2024-01-01
B-25298,713,734,668,6,1039,2021-11-24,2021-11-01
B-25298,714,734,668,6,1039,2021-10-06,2021-10-01
B-25298,715,734,668,6,1039,2025-01-27,2025-01-01
B-26734,716,735,669,17,355,2022-05-23,2022-05-01
B-26734,717,735,669,17,355,2023-11-28,2023-11-01
B-26734,718,735,669,17,355,2023-01-18,2023-01-01
B-25483,719,736,670,9,55,2021-09-06,2021-09-01
B-25483,719,737,671,13,3821,2021-09-06,2021-09-01
B-26041,720,738,672,12,256,2021-02-22,2021-02-01
B-26041,721,738,672,12,256,2021-10-06,2021-10-01
B-26750,722,739,673,7,1214,2020-06-07,2020-06-01
B-26138,723,740,674,19,611,2024-05-21,2024-05-01
B-26929,724,741,675,1,3043,2020-08-05,2020-08-01
B-25359,725,742,676,3,300,2020-10-15,2020-10-01
B-25738,726,743,677,18,2999,2021-05-15,2021-05-01
B-25738,727,743,677,18,2999,2022-01-13,2022-01-01
B-25931,728,744,678,18,3178,2023-07-18,2023-07-01
B-25706,729,745,679,10,1969,2022-12-08,2022-12-01
B-25352,730,746,680,18,700,2023-04-17,2023-04-01
B-26909,731,747,681,4,1202,2020-06-23,2020-06-01
B-26296,732,748,682,6,2428,2022-01-20,2022-01-01
B-26112,733,749,683,5,247,2023-11-18,2023-11-01
B-26112,734,749,683,5,247,2022-01-19,2022-01-01
B-26790,735,750,684,16,1405,2020-09-21,2020-09-01
B-26790,735,751,685,1,384,2020-09-21,2020-09-01
B-25630,737,752,687,6,936,2024-08-07,2024-08-01
B-25630,738,752,687,6,936,2022-07-26,2022-07-01
B-26872,739,753,689,18,625,2024-01-13,2024-01-01
B-25870,740,754,690,17,2114,2021-05-28,2021-05-01
B-25991,741,755,691,3,933,2021-06-13,2021-06-01
B-25198,742,756,692,11,3870,2023-04-25,2023-04-01
B-25189,743,757,693,4,125,2021-07-05,2021-07-01
B-25189,744,757,693,4,125,2024-10-12,2024-10-01
B-26563,745,758,694,5,1591,2021-10-04,2021-10-01
B-25548,746,759,695,12,999,2024-02-07,2024-02-01
B-25965,747,760,696,2,272,2021-03-05,2021-03-01
B-25965,748,760,696,2,272,2023-06-25,2023-06-01
B-26545,749,761,697,20,142,2021-08-02,2021-08-01
B-26603,750,762,698,7,2661,2022-03-17,2022-03-01
B-26393,751,763,699,18,135,2024-02-07,2024-02-01
B-26393,752,763,699,18,135,2022-08-19,2022-08-01
B-26628,753,764,700,3,4339,2024-09-19,2024-09-01
B-26628,754,764,700,3,4339,2020-04-05,2020-04-01
B-25945,755,765,701,15,3301,2023-03-10,2023-03-01
B-26565,756,766,702,7,4585,2020-08-10,2020-08-01
B-25684,757,767,703,15,1335,2020-04-29,2020-04-01
B-25684,758,767,703,15,1335,2023-03-16,2023-03-01
B-26612,759,768,704,9,76,2020-05-04,2020-05-01
B-26612,759,769,704,12,3374,2020-05-04,2020-05-01
B-25839,760,770,705,9,1778,2024-10-15,2024-10-01
B-25898,761,771,706,10,2317,2022-06-09,2022-06-01
B-26120,762,772,707,8,287,2020-07-04,2020-07-01
B-26120,763,772,707,8,287,2023-04-09,2023-04-01
B-26426,764,773,708,9,1968,2023-11-24,2023-11-01
B-26309,765,774,709,4,3319,2023-11-29,2023-11-01
B-26309,766,774,709,4,3319,2024-05-20,2024-05-01
B-26789,767,775,710,12,103,2024-05-21,2024-05-01
B-26420,768,776,711,14,1001,2021-12-07,2021-12-01
B-26420,769,776,711,14,1001,2025-01-06,2025-01-01
B-26257,770,777,712,14,2088,2022-07-13,2022-07-01
B-26257,771,777,712,14,2088,2020-04-19,2020-04-01
B-25603,772,778,713,19,1771,2024-11-14,2024-11-01
B-25603,773,778,713,19,1771,2020-04-18,2020-04-01
B-25010,774,779,714,15,1057,2023-10-18,2023-10-01
B-25010,775,779,714,15,1057,2021-03-21,2021-03-01
B-25889,776,780,715,12,893,2024-09-13,2024-09-01
B-25889,777,780,715,12,893,2023-05-04,2023-05-01
B-25889,778,780,715,12,893,2023-05-31,2023-05-01
B-26675,779,781,716,18,2189,2024-06-15,2024-06-01
B-26675,780,781,716,18,2189,2021-04-03,2021-04-01
B-26168,781,782,717,9,2090,2025-01-14,2025-01-01
B-25436,782,783,718,3,3634,2020-12-24,2020-12-01
B-25436,783,783,718,3,3634,2022-10-07,2022-10-01
B-25794,784,784,719,16,1334,2021-10-05,2021-10-01
B-26495,785,785,720,3,658,2024-12-28,2024-12-01
B-25815,786,786,721,4,2555,2022-05-14,2022-05-01
B-25022,787,787,722,15,848,2023-08-19,2023-08-01
B-25022,788,787,722,15,848,2023-07-14,2023-07-01
B-26928,789,788,723,6,907,2023-06-22,2023-06-01
B-25905,790,789,724,3,3485,2023-03-21,2023-03-01
B-26739,791,790,725,3,1330,2020-12-13,2020-12-01
B-26739,792,790,725,3,1330,2024-05-29,2024-05-01
B-25697,793,791,726,14,54,2021-05-25,2021-05-01
B-25234,794,792,727,2,379,2024-04-02,2024-04-01
B-25234,795,792,727,2,379,2022-12-03,2022-12-01
B-25665,796,793,728,18,2444,2021-07-12,2021-07-01
B-25665,797,793,728,18,2444,2020-03-22,2020-03-01
B-25028,798,794,729,12,59,2020-08-09,2020-08-01
B-26659,799,795,730,4,83,2022-02-18,2022-02-01
B-25966,800,796,731,9,3042,2021-06-14,2021-06-01
B-25966,801,796,731,9,3042,2021-03-01,2021-03-01
B-25350,802,797,732,5,246,2023-09-23,2023-09-01
B-26370,803,798,733,15,3594,2024-07-31,2024-07-01
B-26298,804,799,734,8,642,2020-06-02,2020-06-01
B-26298,805,799,734,8,642,2022-12-15,2022-12-01
B-26298,806,799,734,8,642,2020-08-07,2020-08-01
B-25068,807,800,735,13,163,2024-10-26,2024-10-01
